District,Mandal,Date,Rain (mm),Min Humidity (%),Max Humidity (%)
Adilabad,Adilabad Rural,03-Nov-22,0,53.1,98.5
Adilabad,Adilabad Rural,04-Nov-22,0,45.9,95.4
Adilabad,Adilabad Rural,22-Nov-22,0,43.2,86.2
Adilabad,Adilabad Rural,30-Nov-22,0,36.7,95.4
Adilabad,Adilabad Urban,09-Nov-22,0,46.7,99.9
Adilabad,Adilabad Urban,14-Nov-22,0,42.4,99.9
Adilabad,Bazarhathnoor,28-Nov-22,0,38.5,83.1
Adilabad,Bela,02-Nov-22,0,44.2,100.0
Adilabad,Bela,20-Nov-22,0,28.9,97.5
Adilabad,Bheempoor,09-Nov-22,0,48.7,99.9
Adilabad,Bheempoor,14-Nov-22,0,44.9,99.9
Adilabad,Bheempoor,24-Nov-22,0,46.8,99.9
Adilabad,Boath,02-Nov-22,0,47.1,96.7
Adilabad,Boath,06-Nov-22,0,32.7,94.4
Adilabad,Boath,20-Nov-22,0,38.8,93.4
Adilabad,Gadiguda,02-Nov-22,0,52.5,99.9
Adilabad,Gadiguda,06-Nov-22,0,40.1,99.9
Adilabad,Gadiguda,20-Nov-22,0,43.4,93.5
Adilabad,Gudihathnur,21-Nov-22,0,46.1,71.5
Adilabad,Gudihathnur,25-Nov-22,0,43.1,87.9
Adilabad,Ichoda,02-Nov-22,0,58.1,90.9
Adilabad,Ichoda,28-Nov-22,0,36.8,82.0
Adilabad,Inderavelly,27-Nov-22,0,36.9,86.3
Adilabad,Jainad,16-Nov-22,0,32.8,100.0
Adilabad,Mavala,22-Nov-22,0,41.7,99.9
Adilabad,Mavala,26-Nov-22,0,36.7,95.3
Adilabad,Mavala,29-Nov-22,0,32.1,94.9
Adilabad,Narnoor,12-Nov-22,0,43.5,91.8
Adilabad,Narnoor,15-Nov-22,0,37.9,93.5
Adilabad,Neradigonda,01-Nov-22,0,38.0,91.6
Adilabad,Neradigonda,11-Nov-22,0,44.2,94.3
Adilabad,Neradigonda,13-Nov-22,0,46.5,91.3
Adilabad,Neradigonda,17-Nov-22,0,31.6,88.5
Adilabad,Sirikonda,07-Nov-22,0,32.6,93.7
Adilabad,Sirikonda,11-Nov-22,0,32.9,90.8
Adilabad,Sirikonda,13-Nov-22,0,33.5,91.2
Adilabad,Tamsi,24-Nov-22,0,54.3,93.6
Adilabad,Utnur,02-Nov-22,0,48.3,98.4
Adilabad,Utnur,06-Nov-22,0,30.4,97.6
Bhadradri Kothagudem,Allapalli,21-Nov-22,0,42.0,79.3
Bhadradri Kothagudem,Annapureddipalle,16-Nov-22,0,51.1,100.0
Bhadradri Kothagudem,Annapureddipalle,28-Nov-22,0,31.9,100.0
Bhadradri Kothagudem,Aswapuram,12-Nov-22,0,43.0,100.0
Bhadradri Kothagudem,Aswapuram,15-Nov-22,0,46.5,100.0
Bhadradri Kothagudem,Aswaraopeta,21-Nov-22,0,53.0,87.2
Bhadradri Kothagudem,Bhadrachalam,12-Nov-22,0,53.8,100.0
Bhadradri Kothagudem,Bhadrachalam,15-Nov-22,0,52.7,100.0
Bhadradri Kothagudem,Burgampadu,20-Nov-22,0,62.3,100.0
Bhadradri Kothagudem,Cherla,20-Nov-22,0,55.0,97.1
Bhadradri Kothagudem,Chunchupally,20-Nov-22,0,45.3,87.4
Bhadradri Kothagudem,Dammapeta,15-Nov-22,0,41.3,100.0
Bhadradri Kothagudem,Dummugudem,02-Nov-22,0,66.0,98.7
Bhadradri Kothagudem,Dummugudem,06-Nov-22,0,48.7,99.2
Bhadradri Kothagudem,Gundala,03-Nov-22,0,64.8,97.4
Bhadradri Kothagudem,Gundala,04-Nov-22,0,59.0,99.8
Bhadradri Kothagudem,Gundala,26-Nov-22,0,45.3,99.0
Bhadradri Kothagudem,Gundala,30-Nov-22,0,36.4,97.1
Bhadradri Kothagudem,Karakagudem,09-Nov-22,0,44.7,100.0
Bhadradri Kothagudem,Karakagudem,14-Nov-22,0,40.3,100.0
Bhadradri Kothagudem,Karakagudem,24-Nov-22,0,45.7,99.9
Bhadradri Kothagudem,Kothagudem,28-Nov-22,0,38.7,98.7
Bhadradri Kothagudem,Laxmidevipalli,07-Nov-22,0,50.4,93.6
Bhadradri Kothagudem,Laxmidevipalli,08-Nov-22,0,51.9,92.8
Bhadradri Kothagudem,Manuguru,19-Nov-22,0,35.6,97.9
Bhadradri Kothagudem,Manuguru,27-Nov-22,0,39.5,97.9
Bhadradri Kothagudem,Mulakalapalle,01-Nov-22,0,46.5,100.0
Bhadradri Kothagudem,Mulakalapalle,08-Nov-22,0,42.6,100.0
Bhadradri Kothagudem,Mulakalapalle,11-Nov-22,0,49.5,100.0
Bhadradri Kothagudem,Mulakalapalle,17-Nov-22,0,42.8,100.0
Bhadradri Kothagudem,Palawancha,02-Nov-22,0,64.9,100.0
Bhadradri Kothagudem,Palawancha,06-Nov-22,0,47.8,99.1
Bhadradri Kothagudem,Pinapaka,16-Nov-22,0,43.0,100.0
Bhadradri Kothagudem,Sujathanagar,01-Nov-22,0,42.6,92.2
Bhadradri Kothagudem,Sujathanagar,07-Nov-22,0,39.0,100.0
Bhadradri Kothagudem,Sujathanagar,08-Nov-22,0,38.4,100.0
Bhadradri Kothagudem,Sujathanagar,13-Nov-22,0,43.2,96.1
Bhadradri Kothagudem,Sujathanagar,17-Nov-22,0,28.6,100.0
Bhadradri Kothagudem,Tekulapalle,03-Nov-22,0,58.0,95.9
Bhadradri Kothagudem,Tekulapalle,04-Nov-22,0,55.7,97.2
Bhadradri Kothagudem,Tekulapalle,22-Nov-22,0,51.0,98.6
Bhadradri Kothagudem,Tekulapalle,26-Nov-22,0,50.9,98.2
Bhadradri Kothagudem,Tekulapalle,29-Nov-22,0,37.7,97.5
Hanumakonda,Atmakur,05-Nov-22,0,59.2,99.9
Hanumakonda,Atmakur,21-Nov-22,0,45.7,81.9
Hanumakonda,Atmakur,23-Nov-22,0,57.9,91.8
Hanumakonda,Atmakur,25-Nov-22,0,67.9,96.9
Hanumakonda,Bheemadevarapalle,18-Nov-22,0,31.4,88.1
Hanumakonda,Bheemadevarapalle,19-Nov-22,0,39.1,81.3
Hanumakonda,Damera,21-Nov-22,0,31.7,71.1
Hanumakonda,Damera,25-Nov-22,0,42.5,91.5
Hanumakonda,Dharmasagar,09-Nov-22,0,39.5,95.3
Hanumakonda,Dharmasagar,14-Nov-22,0,42.5,94.8
Hanumakonda,Dharmasagar,24-Nov-22,0,47.1,93.4
Hanumakonda,Elkathurthi,05-Nov-22,0,48.4,100.0
Hanumakonda,Elkathurthi,23-Nov-22,0,43.5,100.0
Hanumakonda,Elkathurthi,25-Nov-22,0,43.7,100.0
Hanumakonda,Hanumakonda,28-Nov-22,0,48.8,86.4
Hanumakonda,Hasanparthy,07-Nov-22,0,38.3,100.0
Hanumakonda,Hasanparthy,17-Nov-22,0,33.6,92.7
Hanumakonda,Inole,10-Nov-22,0,32.6,99.8
Hanumakonda,Inole,18-Nov-22,0,18.8,84.7
Hanumakonda,Kamalapur,05-Nov-22,0,45.6,100.0
Hanumakonda,Kamalapur,21-Nov-22,0,30.7,76.3
Hanumakonda,Kamalapur,23-Nov-22,0,40.9,85.5
Hanumakonda,Khazipet,02-Nov-22,0,59.5,86.9
Hanumakonda,Khazipet,06-Nov-22,0,42.7,100.0
Hanumakonda,Nadikuda,15-Nov-22,0,45.8,100.0
Hanumakonda,Parkal,12-Nov-22,0,49.6,98.5
Hanumakonda,Parkal,15-Nov-22,0,53.9,100.0
Hanumakonda,Shayampet,01-Nov-22,0,53.7,95.5
Hanumakonda,Shayampet,07-Nov-22,0,57.5,99.9
Hanumakonda,Velair,22-Nov-22,0,45.3,85.1
Hanumakonda,Velair,29-Nov-22,0,33.5,98.4
Hyderabad,Amberpet,05-Nov-22,0,51.7,92.0
Hyderabad,Amberpet,23-Nov-22,0,42.9,82.2
Hyderabad,Amberpet,25-Nov-22,0,52.7,83.1
Hyderabad,Ameerpet,16-Nov-22,0,46.5,75.9
Hyderabad,Asifnagar,09-Nov-22,0,18.5,73.5
Hyderabad,Asifnagar,14-Nov-22,0,35.6,74.1
Hyderabad,Asifnagar,24-Nov-22,0,43.6,87.1
Hyderabad,Bahadurpura,16-Nov-22,0,25.3,74.4
Hyderabad,Bandlaguda,02-Nov-22,0,57.4,89.7
Hyderabad,Bandlaguda,20-Nov-22,0,35.7,66.0
Hyderabad,Charminar,07-Nov-22,0,36.4,83.2
Hyderabad,Charminar,11-Nov-22,0,39.7,71.7
Hyderabad,Golkonda,12-Nov-22,0,32.2,69.6
Hyderabad,Golkonda,15-Nov-22,0,40.7,81.2
Hyderabad,Himayatnagar,22-Nov-22,0,32.7,62.3
Hyderabad,Himayatnagar,26-Nov-22,0,47.9,62.7
Hyderabad,Himayatnagar,29-Nov-22,0,32.3,64.1
Hyderabad,Himayatnagar,30-Nov-22,0,14.5,67.5
Hyderabad,Khairatabad,04-Nov-22,0,37.3,83.7
Hyderabad,Khairatabad,30-Nov-22,0,21.7,70.2
Hyderabad,Musheerabad,10-Nov-22,0,41.0,78.0
Hyderabad,Musheerabad,18-Nov-22,0,23.0,72.3
Hyderabad,Nampally,09-Nov-22,0,27.5,73.2
Hyderabad,Nampally,14-Nov-22,0,42.7,71.0
Hyderabad,Nampally,24-Nov-22,0,49.8,81.1
Hyderabad,Saidabad,16-Nov-22,0,36.9,72.4
Hyderabad,Secunderabad,02-Nov-22,0,57.2,100.0
Hyderabad,Secunderabad,06-Nov-22,0,45.5,76.1
Hyderabad,Secunderabad,20-Nov-22,0,36.7,68.9
Hyderabad,Tirumalgiri,02-Nov-22,0,64.6,89.4
Hyderabad,Tirumalgiri,06-Nov-22,0,53.6,81.3
Hyderabad,Tirumalgiri,20-Nov-22,0,46.3,68.1
Jagtial,Buggaram,01-Nov-22,0,44.9,100.0
Jagtial,Buggaram,07-Nov-22,0,32.0,100.0
Jagtial,Buggaram,08-Nov-22,0,46.9,100.0
Jagtial,Buggaram,11-Nov-22,0,36.5,100.0
Jagtial,Buggaram,13-Nov-22,0,41.4,100.0
Jagtial,Buggaram,17-Nov-22,0,32.8,100.0
Jagtial,Dharmapuri,04-Nov-22,0,37.6,100.0
Jagtial,Dharmapuri,22-Nov-22,0,25.5,91.0
Jagtial,Dharmapuri,26-Nov-22,0,23.6,100.0
Jagtial,Dharmapuri,29-Nov-22,0,26.5,100.0
Jagtial,Gollapalle,05-Nov-22,0,39.9,99.7
Jagtial,Gollapalle,23-Nov-22,0,22.2,91.0
Jagtial,Gollapalle,25-Nov-22,0,40.6,98.9
Jagtial,Ibrahimpatnam,16-Nov-22,0,32.1,97.0
Jagtial,Ibrahimpatnam,28-Nov-22,0,32.6,96.4
Jagtial,Jagityal_Rural,18-Nov-22,0,32.3,95.0
Jagtial,Jagityal_Rural,27-Nov-22,0,34.1,96.4
Jagtial,Jagtial,28-Nov-22,0,36.6,99.9
Jagtial,Kathlapur,09-Nov-22,0,25.1,99.9
Jagtial,Kathlapur,14-Nov-22,0,39.4,99.9
Jagtial,Kodimial,12-Nov-22,0,29.5,98.2
Jagtial,Kodimial,15-Nov-22,0,32.7,100.0
Jagtial,Koratla,28-Nov-22,0,21.5,100.0
Jagtial,Mallapur,09-Nov-22,0,24.8,100.0
Jagtial,Mallapur,14-Nov-22,0,37.7,97.5
Jagtial,Mallapur,24-Nov-22,0,39.5,97.8
Jagtial,Medipalle,19-Nov-22,0,33.2,95.9
Jagtial,Medipalle,27-Nov-22,0,30.7,99.9
Jagtial,Metpalle,06-Nov-22,0,35.6,99.3
Jagtial,Metpalle,20-Nov-22,0,40.6,96.8
Jagtial,Pegadapalle,24-Nov-22,0,42.3,96.9
Jagtial,Raikal,12-Nov-22,0,30.6,99.9
Jagtial,Raikal,15-Nov-22,0,34.3,97.8
Jagtial,Sarangapur,20-Nov-22,0,41.9,94.7
Jagtial,Velgatoor,12-Nov-22,0,34.6,100.0
Jangaon,Bachannapeta,28-Nov-22,0,30.7,87.5
Jangaon,Chilpur,05-Nov-22,0,56.6,99.9
Jangaon,Chilpur,23-Nov-22,0,54.3,95.5
Jangaon,Chilpur,25-Nov-22,0,55.6,95.6
Jangaon,Devaruppala,01-Nov-22,0,45.4,93.8
Jangaon,Devaruppala,07-Nov-22,0,40.9,97.1
Jangaon,Devaruppala,08-Nov-22,0,38.0,96.8
Jangaon,Devaruppala,11-Nov-22,0,43.1,90.4
Jangaon,Devaruppala,13-Nov-22,0,46.5,93.9
Jangaon,Devaruppala,17-Nov-22,0,31.7,89.3
Jangaon,Ganpur_Stn,03-Nov-22,0,48.8,100.0
Jangaon,Ganpur_Stn,04-Nov-22,0,48.8,100.0
Jangaon,Ganpur_Stn,30-Nov-22,0,38.3,96.7
Jangaon,Kodakandla,21-Nov-22,0,34.3,62.8
Jangaon,Kodakandla,23-Nov-22,0,46.8,88.7
Jangaon,Lingalaghanpur,01-Nov-22,0,49.8,100.0
Jangaon,Lingalaghanpur,08-Nov-22,0,34.9,100.0
Jangaon,Lingalaghanpur,11-Nov-22,0,43.4,89.4
Jangaon,Lingalaghanpur,13-Nov-22,0,47.1,91.8
Jangaon,Lingalaghanpur,17-Nov-22,0,26.8,92.9
Jangaon,Narmetta,12-Nov-22,0,39.6,95.7
Jangaon,Narmetta,15-Nov-22,0,46.8,95.2
Jangaon,Palakurthi,10-Nov-22,0,41.2,100.0
Jangaon,Palakurthi,18-Nov-22,0,28.5,100.0
Jangaon,Raghunathpalle,19-Nov-22,0,40.0,94.5
Jangaon,Raghunathpalle,27-Nov-22,0,37.1,95.3
Jangaon,Tharigoppula,07-Nov-22,0,37.2,99.3
Jangaon,Tharigoppula,17-Nov-22,0,27.6,95.4
Jangaon,Zaffergadh,22-Nov-22,0,42.9,93.2
Jangaon,Zaffergadh,26-Nov-22,0,31.6,98.9
Jangaon,Zaffergadh,29-Nov-22,0,28.6,100.0
Jayashankar,Bhupalpalle,02-Nov-22,0,68.3,100.0
Jayashankar,Bhupalpalle,06-Nov-22,0,41.7,100.0
Jayashankar,Chityal,05-Nov-22,0,44.6,99.8
Jayashankar,Chityal,25-Nov-22,0,41.3,93.7
Jayashankar,Ghanapur_Mulug,01-Nov-22,0,54.8,96.1
Jayashankar,Ghanapur_Mulug,07-Nov-22,0,55.3,100.0
Jayashankar,Ghanapur_Mulug,17-Nov-22,0,40.3,100.0
Jayashankar,Mahadevpur,20-Nov-22,0,44.7,100.0
Jayashankar,Malharrao,16-Nov-22,0,39.7,100.0
Jayashankar,Mogullapalle,01-Nov-22,0,57.3,99.9
Jayashankar,Mogullapalle,07-Nov-22,0,44.7,100.0
Jayashankar,Mogullapalle,08-Nov-22,0,41.4,100.0
Jayashankar,Mogullapalle,11-Nov-22,0,44.4,100.0
Jayashankar,Mogullapalle,13-Nov-22,0,44.4,100.0
Jayashankar,Mogullapalle,17-Nov-22,0,34.0,100.0
Jayashankar,Mutharam_Mahadevpur,09-Nov-22,0,47.7,99.1
Jayashankar,Mutharam_Mahadevpur,14-Nov-22,0,52.8,95.0
Jayashankar,Mutharam_Mahadevpur,24-Nov-22,0,60.5,93.4
Jayashankar,Palmela,12-Nov-22,0,51.8,98.5
Jayashankar,Palmela,15-Nov-22,0,51.0,99.4
Jayashankar,Regonda,02-Nov-22,0,68.7,100.0
Jayashankar,Regonda,06-Nov-22,0,30.8,100.0
Jayashankar,Tekumatla,18-Nov-22,0,34.8,99.9
Jayashankar,Tekumatla,27-Nov-22,0,32.1,99.9
Jogulamba Gadwal,Alampur,21-Nov-22,0,34.7,73.2
Jogulamba Gadwal,Dharur,27-Nov-22,0,38.4,92.2
Jogulamba Gadwal,Gadwal,07-Nov-22,0,31.0,100.0
Jogulamba Gadwal,Gadwal,08-Nov-22,0,33.0,100.0
Jogulamba Gadwal,Ghattu,16-Nov-22,0,50.7,100.0
Jogulamba Gadwal,Itikyal,01-Nov-22,0,38.4,100.0
Jogulamba Gadwal,Itikyal,11-Nov-22,0,55.2,100.0
Jogulamba Gadwal,Itikyal,13-Nov-22,0,56.7,100.0
Jogulamba Gadwal,Itikyal,17-Nov-22,0,27.8,100.0
Jogulamba Gadwal,Kaloor_Timmanadoddi,04-Nov-22,0,43.2,100.0
Jogulamba Gadwal,Kaloor_Timmanadoddi,22-Nov-22,0,44.6,100.0
Jogulamba Gadwal,Kaloor_Timmanadoddi,26-Nov-22,0,45.3,96.4
Jogulamba Gadwal,Maldakal,05-Nov-22,0,56.5,99.9
Jogulamba Gadwal,Maldakal,21-Nov-22,0,41.8,90.8
Jogulamba Gadwal,Maldakal,23-Nov-22,0,52.1,94.2
Jogulamba Gadwal,Maldakal,25-Nov-22,0,54.8,99.4
Jogulamba Gadwal,Manopad,24-Nov-22,0,56.2,96.8
Jogulamba Gadwal,Undavelli,03-Nov-22,0,63.8,100.0
Jogulamba Gadwal,Undavelli,04-Nov-22,0,57.6,100.0
Jogulamba Gadwal,Undavelli,30-Nov-22,0,38.8,100.0
Jogulamba Gadwal,Waddepalle,03-Nov-22,0,53.5,100.0
Jogulamba Gadwal,Waddepalle,04-Nov-22,0,46.3,100.0
Jogulamba Gadwal,Waddepalle,29-Nov-22,0,43.5,99.4
Jogulamba Gadwal,Waddepalle,30-Nov-22,0,35.3,85.5
Kamareddy,Banswada,12-Nov-22,0,50.6,99.1
Kamareddy,Bhiknur,20-Nov-22,0,39.1,95.5
Kamareddy,Bibipet,21-Nov-22,0,39.4,87.8
Kamareddy,Bichkunda,01-Nov-22,0,28.7,100.0
Kamareddy,Bichkunda,08-Nov-22,0,29.0,100.0
Kamareddy,Bichkunda,11-Nov-22,0,25.2,100.0
Kamareddy,Bichkunda,13-Nov-22,0,26.5,100.0
Kamareddy,Bichkunda,17-Nov-22,0,20.1,100.0
Kamareddy,Birkoor,05-Nov-22,0,31.3,99.3
Kamareddy,Birkoor,23-Nov-22,0,32.9,86.3
Kamareddy,Birkoor,25-Nov-22,0,44.0,96.4
Kamareddy,Domakonda,02-Nov-22,0,52.0,100.0
Kamareddy,Domakonda,06-Nov-22,0,36.3,100.0
Kamareddy,Gandhari,10-Nov-22,0,25.0,100.0
Kamareddy,Gandhari,18-Nov-22,0,23.1,99.9
Kamareddy,Jukkal,18-Nov-22,0,34.7,90.8
Kamareddy,Jukkal,19-Nov-22,0,39.0,92.8
Kamareddy,Kamareddy,01-Nov-22,0,26.7,82.3
Kamareddy,Kamareddy,07-Nov-22,0,29.8,89.2
Kamareddy,Kamareddy,08-Nov-22,0,29.1,89.2
Kamareddy,Kamareddy,17-Nov-22,0,24.9,81.3
Kamareddy,Lingampet,05-Nov-22,0,43.1,97.8
Kamareddy,Lingampet,21-Nov-22,0,36.0,89.9
Kamareddy,Lingampet,23-Nov-22,0,43.3,89.5
Kamareddy,Machareddy,23-Nov-22,0,46.5,100.0
Kamareddy,Machareddy,25-Nov-22,0,48.7,100.0
Kamareddy,Madnur,22-Nov-22,0,32.8,81.9
Kamareddy,Madnur,26-Nov-22,0,35.9,94.8
Kamareddy,Madnur,29-Nov-22,0,31.7,95.3
Kamareddy,Naga_Reddipet,09-Nov-22,0,20.3,100.0
Kamareddy,Naga_Reddipet,14-Nov-22,0,34.2,96.7
Kamareddy,Nasurullabad,16-Nov-22,0,31.9,99.1
Kamareddy,Nizamsagar,03-Nov-22,0,45.5,99.9
Kamareddy,Nizamsagar,04-Nov-22,0,37.3,99.9
Kamareddy,Nizamsagar,26-Nov-22,0,39.0,94.8
Kamareddy,Nizamsagar,30-Nov-22,0,22.2,96.6
Kamareddy,Pedda Kodapgal,07-Nov-22,0,50.8,100.0
Kamareddy,Rajampet,10-Nov-22,0,36.8,86.8
Kamareddy,Rajampet,18-Nov-22,0,35.1,74.4
Kamareddy,Rajampet,19-Nov-22,0,39.9,72.5
Kamareddy,Ramareddy,07-Nov-22,0,44.4,88.8
Kamareddy,Ramareddy,08-Nov-22,0,39.6,88.9
Kamareddy,Sadasivanagar,07-Nov-22,0,40.5,75.3
Kamareddy,Tadwai,02-Nov-22,0,43.2,89.6
Kamareddy,Tadwai,06-Nov-22,0,34.2,84.3
Kamareddy,Yellareddy,03-Nov-22,0,59.6,100.0
Kamareddy,Yellareddy,04-Nov-22,0,44.0,100.0
Kamareddy,Yellareddy,30-Nov-22,0,19.5,91.8
Karimnagar,Chigurumamidi,02-Nov-22,0,44.3,100.0
Karimnagar,Chigurumamidi,06-Nov-22,0,23.5,100.0
Karimnagar,Choppadandi,03-Nov-22,0,60.1,100.0
Karimnagar,Choppadandi,04-Nov-22,0,45.7,96.5
Karimnagar,Choppadandi,26-Nov-22,0,34.0,94.9
Karimnagar,Choppadandi,30-Nov-22,0,33.8,96.1
Karimnagar,Ellandakunta,05-Nov-22,0,40.6,95.5
Karimnagar,Ellandakunta,23-Nov-22,0,38.5,89.0
Karimnagar,Ellandakunta,25-Nov-22,0,37.9,88.9
Karimnagar,Gangadhara,08-Nov-22,0,29.1,100.0
Karimnagar,Gangadhara,11-Nov-22,0,32.9,100.0
Karimnagar,Gangadhara,13-Nov-22,0,31.2,95.1
Karimnagar,Gangadhara,17-Nov-22,0,22.6,93.0
Karimnagar,Gannervaram,15-Nov-22,0,39.7,96.8
Karimnagar,Huzurabad,03-Nov-22,0,60.1,94.9
Karimnagar,Huzurabad,04-Nov-22,0,56.0,94.2
Karimnagar,Huzurabad,26-Nov-22,0,34.5,87.6
Karimnagar,Huzurabad,30-Nov-22,0,32.7,90.4
Karimnagar,Jammikunta,09-Nov-22,0,29.0,100.0
Karimnagar,Jammikunta,14-Nov-22,0,35.3,100.0
Karimnagar,Jammikunta,24-Nov-22,0,40.4,99.1
Karimnagar,Karimnagar,16-Nov-22,0,27.1,74.1
Karimnagar,Karimnagar_Rural,22-Nov-22,0,39.4,75.9
Karimnagar,Karimnagar_Rural,26-Nov-22,0,34.5,85.3
Karimnagar,Karimnagar_Rural,29-Nov-22,0,31.3,93.5
Karimnagar,Kothapalle,18-Nov-22,0,25.2,100.0
Karimnagar,Manakondur,20-Nov-22,0,31.4,94.1
Karimnagar,Ramadugu,21-Nov-22,0,29.0,78.3
Karimnagar,Ramadugu,23-Nov-22,0,35.7,85.4
Karimnagar,Shankarapatnam,18-Nov-22,0,22.7,100.0
Karimnagar,Shankarapatnam,19-Nov-22,0,27.5,100.0
Karimnagar,Shankarapatnam,27-Nov-22,0,24.0,100.0
Karimnagar,Thimmapur,01-Nov-22,0,33.0,100.0
Karimnagar,Thimmapur,07-Nov-22,0,25.3,100.0
Karimnagar,Thimmapur,17-Nov-22,0,22.7,93.4
Karimnagar,V_Saidapur,07-Nov-22,0,35.1,93.3
Karimnagar,V_Saidapur,11-Nov-22,0,35.9,88.6
Karimnagar,V_Saidapur,13-Nov-22,0,36.4,86.1
Karimnagar,Veenavanka,05-Nov-22,0,36.1,87.6
Karimnagar,Veenavanka,23-Nov-22,0,33.5,83.2
Karimnagar,Veenavanka,25-Nov-22,0,31.1,66.5
Khammam,Bonakal,05-Nov-22,0,58.9,100.0
Khammam,Bonakal,23-Nov-22,0,62.7,98.2
Khammam,Bonakal,25-Nov-22,0,52.7,100.0
Khammam,Chinthakani,10-Nov-22,0,39.6,98.1
Khammam,Chinthakani,18-Nov-22,0,38.4,95.0
Khammam,Chinthakani,27-Nov-22,0,33.8,95.9
Khammam,Enkuru,01-Nov-22,0,46.4,99.9
Khammam,Enkuru,08-Nov-22,0,38.1,100.0
Khammam,Enkuru,11-Nov-22,0,42.1,98.7
Khammam,Enkuru,13-Nov-22,0,43.3,98.9
Khammam,Enkuru,17-Nov-22,0,34.0,99.4
Khammam,Kalluru,03-Nov-22,0,63.0,99.9
Khammam,Kalluru,04-Nov-22,0,63.5,99.9
Khammam,Kalluru,22-Nov-22,0,60.0,99.9
Khammam,Kalluru,30-Nov-22,0,44.2,99.9
Khammam,Kamepalle,22-Nov-22,0,71.8,99.9
Khammam,Kamepalle,26-Nov-22,0,56.7,99.9
Khammam,Kamepalle,29-Nov-22,0,35.1,94.4
Khammam,Khammam_Rural,21-Nov-22,0,50.4,84.4
Khammam,Khammam_Rural,23-Nov-22,0,66.4,100.0
Khammam,Khammam_Urban,16-Nov-22,0,37.7,99.9
Khammam,Konijerla,10-Nov-22,0,44.9,99.9
Khammam,Konijerla,18-Nov-22,0,41.4,96.7
Khammam,Kusumanchi,09-Nov-22,0,37.6,100.0
Khammam,Kusumanchi,14-Nov-22,0,46.0,97.3
Khammam,Kusumanchi,24-Nov-22,0,63.4,100.0
Khammam,Madhira,01-Nov-22,0,55.0,99.6
Khammam,Madhira,07-Nov-22,0,45.7,100.0
Khammam,Mudigonda,28-Nov-22,0,38.7,99.9
Khammam,Nelakondapalle,02-Nov-22,0,68.7,96.9
Khammam,Nelakondapalle,06-Nov-22,0,64.1,96.9
Khammam,Penuballi,05-Nov-22,0,72.8,98.1
Khammam,Penuballi,25-Nov-22,0,65.6,97.8
Khammam,Raghunadhapalem,05-Nov-22,0,66.9,100.0
Khammam,Raghunadhapalem,25-Nov-22,0,52.4,100.0
Khammam,Sathupalle,15-Nov-22,0,42.2,100.0
Khammam,Singareni,19-Nov-22,0,36.5,92.4
Khammam,Singareni,27-Nov-22,0,36.3,99.1
Khammam,Thallada,12-Nov-22,0,46.1,100.0
Khammam,Thallada,15-Nov-22,0,47.0,100.0
Khammam,Thirumalayapalem,07-Nov-22,0,56.4,100.0
Khammam,Thirumalayapalem,17-Nov-22,0,37.5,100.0
Khammam,Vemsoor,04-Nov-22,0,60.9,95.4
Khammam,Vemsoor,30-Nov-22,0,44.7,94.0
Khammam,Wyra,21-Nov-22,0,49.8,76.5
Khammam,Wyra,25-Nov-22,0,71.6,100.0
Khammam,Yerrupalem,15-Nov-22,0,56.3,100.0
Kumuram Bheem,Bejjur,05-Nov-22,0,25.2,100.0
Kumuram Bheem,Bejjur,21-Nov-22,0,31.5,90.6
Kumuram Bheem,Bejjur,23-Nov-22,0,44.2,89.4
Kumuram Bheem,Bejjur,25-Nov-22,0,31.7,100.0
Kumuram Bheem,Chintalamanepally,19-Nov-22,0,58.3,89.1
Kumuram Bheem,Chintalamanepally,27-Nov-22,0,48.7,94.2
Kumuram Bheem,Dahegaon,09-Nov-22,0,42.4,92.6
Kumuram Bheem,Dahegaon,14-Nov-22,0,46.5,99.9
Kumuram Bheem,Dahegaon,24-Nov-22,0,47.8,99.9
Kumuram Bheem,Jainoor,01-Nov-22,0,38.4,90.3
Kumuram Bheem,Jainoor,07-Nov-22,0,37.0,89.4
Kumuram Bheem,Jainoor,08-Nov-22,0,27.1,84.2
Kumuram Bheem,Jainoor,13-Nov-22,0,39.8,91.1
Kumuram Bheem,Jainoor,17-Nov-22,0,28.6,83.5
Kumuram Bheem,Kagaznagar,07-Nov-22,0,39.7,99.9
Kumuram Bheem,Kagaznagar,11-Nov-22,0,42.0,99.9
Kumuram Bheem,Kagaznagar,13-Nov-22,0,40.6,99.9
Kumuram Bheem,Kerameri,28-Nov-22,0,32.7,81.1
Kumuram Bheem,Kouthala,01-Nov-22,0,62.6,99.9
Kumuram Bheem,Kouthala,07-Nov-22,0,55.3,99.9
Kumuram Bheem,Kouthala,17-Nov-22,0,44.3,99.9
Kumuram Bheem,Lingapur,04-Nov-22,0,42.3,86.4
Kumuram Bheem,Lingapur,30-Nov-22,0,38.2,77.3
Kumuram Bheem,Penchikalpet,04-Nov-22,0,46.5,97.8
Kumuram Bheem,Penchikalpet,30-Nov-22,0,40.0,97.8
Kumuram Bheem,Rebbana,10-Nov-22,0,47.1,98.2
Kumuram Bheem,Rebbana,18-Nov-22,0,39.1,95.3
Kumuram Bheem,Rebbana,19-Nov-22,0,47.7,95.2
Kumuram Bheem,Sirpur_T,02-Nov-22,0,53.4,100.0
Kumuram Bheem,Sirpur_T,06-Nov-22,0,40.4,100.0
Kumuram Bheem,Sirpur_T,20-Nov-22,0,41.1,100.0
Kumuram Bheem,Sirpur_U,21-Nov-22,0,33.3,94.5
Kumuram Bheem,Tiryani,03-Nov-22,0,56.2,99.1
Kumuram Bheem,Tiryani,22-Nov-22,0,41.6,89.8
Kumuram Bheem,Tiryani,26-Nov-22,0,39.9,97.9
Kumuram Bheem,Tiryani,29-Nov-22,0,32.3,97.1
Kumuram Bheem,Wankdi,20-Nov-22,0,45.8,98.7
Mahabubabad,Bayyaram,10-Nov-22,0,49.5,90.0
Mahabubabad,Bayyaram,27-Nov-22,0,36.0,91.3
Mahabubabad,Chinnagudur,22-Nov-22,0,9.0,86.4
Mahabubabad,Chinnagudur,29-Nov-22,0,26.6,75.0
Mahabubabad,Danthalapalle,10-Nov-22,0,47.4,94.8
Mahabubabad,Danthalapalle,27-Nov-22,0,26.6,100.0
Mahabubabad,Dornakal,03-Nov-22,0,56.6,100.0
Mahabubabad,Dornakal,04-Nov-22,0,50.2,100.0
Mahabubabad,Dornakal,22-Nov-22,0,53.8,100.0
Mahabubabad,Ganagavaram,01-Nov-22,0,54.8,98.2
Mahabubabad,Ganagavaram,08-Nov-22,0,46.8,93.3
Mahabubabad,Ganagavaram,11-Nov-22,0,50.6,97.3
Mahabubabad,Ganagavaram,13-Nov-22,0,55.0,98.9
Mahabubabad,Ganagavaram,17-Nov-22,0,39.1,97.4
Mahabubabad,Garla,08-Nov-22,0,50.5,100.0
Mahabubabad,Garla,18-Nov-22,0,46.8,100.0
Mahabubabad,Garla,19-Nov-22,0,46.2,98.8
Mahabubabad,Garla,27-Nov-22,0,45.6,97.8
Mahabubabad,Gudur,12-Nov-22,0,48.1,94.9
Mahabubabad,Gudur,15-Nov-22,0,53.9,98.2
Mahabubabad,Kesamudram,23-Nov-22,0,43.9,100.0
Mahabubabad,Kesamudram,25-Nov-22,0,54.3,100.0
Mahabubabad,Kothaguda,05-Nov-22,0,65.0,99.9
Mahabubabad,Kothaguda,21-Nov-22,0,39.9,76.7
Mahabubabad,Kuravi,02-Nov-22,0,62.6,99.9
Mahabubabad,Kuravi,06-Nov-22,0,47.1,99.9
Mahabubabad,Mahabubabad,09-Nov-22,0,35.0,100.0
Mahabubabad,Mahabubabad,14-Nov-22,0,36.1,100.0
Mahabubabad,Mahabubabad,24-Nov-22,0,43.8,100.0
Mahabubabad,Maripeda,01-Nov-22,0,53.4,95.5
Mahabubabad,Maripeda,07-Nov-22,0,55.9,99.2
Mahabubabad,Maripeda,17-Nov-22,0,40.4,89.6
Mahabubabad,Narsimhulapet,05-Nov-22,0,51.7,95.9
Mahabubabad,Narsimhulapet,23-Nov-22,0,42.6,95.0
Mahabubabad,Peddavangara,07-Nov-22,0,38.3,100.0
Mahabubabad,Peddavangara,08-Nov-22,0,34.9,100.0
Mahabubabad,Peddavangara,13-Nov-22,0,41.7,94.5
Mahabubabad,Thorrur,16-Nov-22,0,25.3,95.0
Mahabubnagar,Addakal,07-Nov-22,0,39.6,88.2
Mahabubnagar,Balanagar,12-Nov-22,0,33.0,100.0
Mahabubnagar,Balanagar,15-Nov-22,0,38.9,100.0
Mahabubnagar,Bhoothpur,21-Nov-22,0,38.4,77.0
Mahabubnagar,Chinna_Chintha_Kunta,09-Nov-22,0,33.5,100.0
Mahabubnagar,Chinna_Chintha_Kunta,14-Nov-22,0,44.7,100.0
Mahabubnagar,Devarkadara,02-Nov-22,0,59.7,91.4
Mahabubnagar,Devarkadara,06-Nov-22,0,56.0,92.6
Mahabubnagar,Gandeed,01-Nov-22,0,36.3,99.7
Mahabubnagar,Gandeed,08-Nov-22,0,33.6,99.9
Mahabubnagar,Gandeed,11-Nov-22,0,40.8,99.3
Mahabubnagar,Gandeed,13-Nov-22,0,40.0,93.4
Mahabubnagar,Gandeed,17-Nov-22,0,18.0,99.0
Mahabubnagar,Hanwada,02-Nov-22,0,66.0,100.0
Mahabubnagar,Hanwada,06-Nov-22,0,60.2,100.0
Mahabubnagar,Hanwada,20-Nov-22,0,41.9,89.5
Mahabubnagar,Jadcherla,28-Nov-22,0,53.5,96.0
Mahabubnagar,Koilkonda,22-Nov-22,0,41.4,91.2
Mahabubnagar,Koilkonda,26-Nov-22,0,44.0,99.9
Mahabubnagar,Koilkonda,29-Nov-22,0,23.8,84.5
Mahabubnagar,Koilkonda,30-Nov-22,0,30.0,99.9
Mahabubnagar,Mahabubnagar_Rural,10-Nov-22,0,32.9,85.7
Mahabubnagar,Mahabubnagar_Rural,19-Nov-22,0,35.4,80.9
Mahabubnagar,Mahabubnagar_Rural,27-Nov-22,0,37.1,75.5
Mahabubnagar,Mahabubnagar_Urban,02-Nov-22,0,59.7,93.8
Mahabubnagar,Mahabubnagar_Urban,06-Nov-22,0,53.4,97.2
Mahabubnagar,Mahabubnagar_Urban,20-Nov-22,0,35.3,78.3
Mahabubnagar,Midjil,20-Nov-22,0,33.1,97.3
Mahabubnagar,Mohammamdabad,03-Nov-22,0,67.2,100.0
Mahabubnagar,Mohammamdabad,04-Nov-22,0,48.0,100.0
Mahabubnagar,Mohammamdabad,22-Nov-22,0,44.1,95.1
Mahabubnagar,Musapet,01-Nov-22,0,39.1,89.5
Mahabubnagar,Musapet,08-Nov-22,0,46.8,99.9
Mahabubnagar,Musapet,11-Nov-22,0,49.5,89.5
Mahabubnagar,Musapet,13-Nov-22,0,55.0,96.5
Mahabubnagar,Musapet,17-Nov-22,0,22.9,88.1
Mahabubnagar,Nawabpet,05-Nov-22,0,64.8,100.0
Mahabubnagar,Nawabpet,23-Nov-22,0,48.3,94.5
Mahabubnagar,Nawabpet,25-Nov-22,0,61.3,100.0
Mahabubnagar,Rajapur,09-Nov-22,0,34.4,100.0
Mahabubnagar,Rajapur,14-Nov-22,0,56.3,100.0
Mancherial,Bellampalle,12-Nov-22,0,40.7,80.2
Mancherial,Bellampalle,15-Nov-22,0,37.9,90.4
Mancherial,Bheemini,22-Nov-22,0,48.0,80.9
Mancherial,Bheemini,26-Nov-22,0,40.3,94.6
Mancherial,Bheemini,29-Nov-22,0,38.4,96.3
Mancherial,Bhimaram,20-Nov-22,0,48.4,98.8
Mancherial,Chennur,10-Nov-22,0,40.9,96.1
Mancherial,Chennur,18-Nov-22,0,35.7,93.7
Mancherial,Dandepalle,02-Nov-22,0,67.9,100.0
Mancherial,Dandepalle,06-Nov-22,0,44.6,100.0
Mancherial,Hajipur,16-Nov-22,0,34.8,100.0
Mancherial,Jaipur,19-Nov-22,0,38.8,97.5
Mancherial,Jaipur,27-Nov-22,0,32.7,100.0
Mancherial,Jannaram,12-Nov-22,0,37.4,95.6
Mancherial,Jannaram,15-Nov-22,0,35.7,95.4
Mancherial,Kannepalli,05-Nov-22,0,43.8,97.3
Mancherial,Kannepalli,23-Nov-22,0,53.3,87.1
Mancherial,Kasipet,24-Nov-22,0,40.8,82.8
Mancherial,Kotapalle,16-Nov-22,0,34.5,100.0
Mancherial,Luxettipet,28-Nov-22,0,24.0,100.0
Mancherial,Mancherial,20-Nov-22,0,37.9,92.2
Mancherial,Mandamarri,09-Nov-22,0,39.2,99.9
Mancherial,Mandamarri,14-Nov-22,0,41.5,87.3
Mancherial,Mandamarri,24-Nov-22,0,41.1,69.4
Mancherial,Naspur,28-Nov-22,0,34.9,100.0
Mancherial,Nennal,21-Nov-22,0,40.4,84.3
Mancherial,Tandur,08-Nov-22,0,45.4,87.8
Mancherial,Tandur,11-Nov-22,0,48.7,82.1
Mancherial,Tandur,13-Nov-22,0,50.3,84.5
Mancherial,Tandur,17-Nov-22,0,37.1,80.6
Mancherial,Vemanpalle,12-Nov-22,0,40.6,100.0
Mancherial,Vemanpalle,15-Nov-22,0,38.4,100.0
Medak,Alladurg,11-Nov-22,0,33.9,100.0
Medak,Chegunta,03-Nov-22,0,62.4,95.9
Medak,Chegunta,04-Nov-22,0,46.6,93.2
Medak,Chegunta,30-Nov-22,0,29.4,92.5
Medak,Chilipched,11-Nov-22,0,42.0,100.0
Medak,Havelighanpur,16-Nov-22,0,37.0,100.0
Medak,Kowdipalle,02-Nov-22,0,52.8,100.0
Medak,Kowdipalle,06-Nov-22,0,35.1,100.0
Medak,Kulcharam,10-Nov-22,0,25.3,100.0
Medak,Kulcharam,18-Nov-22,0,23.4,98.8
Medak,Kulcharam,19-Nov-22,0,25.9,99.7
Medak,Manoharabad,05-Nov-22,0,58.1,100.0
Medak,Manoharabad,23-Nov-22,0,52.1,98.7
Medak,Manoharabad,25-Nov-22,0,58.7,100.0
Medak,Masaipet,02-Nov-22,0,58.8,91.7
Medak,Masaipet,06-Nov-22,0,38.6,92.3
Medak,Medak,21-Nov-22,0,33.4,99.9
Medak,Medak,25-Nov-22,0,46.1,99.9
Medak,Narsapur,10-Nov-22,0,36.9,99.6
Medak,Narsapur,18-Nov-22,0,32.9,98.1
Medak,Narsapur,27-Nov-22,0,39.0,91.4
Medak,Narsingi,09-Nov-22,0,33.2,100.0
Medak,Narsingi,14-Nov-22,0,46.5,96.3
Medak,Narsingi,24-Nov-22,0,48.2,97.1
Medak,Papannapet,05-Nov-22,0,30.7,100.0
Medak,Papannapet,21-Nov-22,0,24.4,83.3
Medak,Papannapet,23-Nov-22,0,31.8,83.7
Medak,Papannapet,25-Nov-22,0,38.7,96.3
Medak,Regode,19-Nov-22,0,34.9,86.6
Medak,Regode,27-Nov-22,0,35.8,80.3
Medak,Shankarampet_A,03-Nov-22,0,71.3,100.0
Medak,Shankarampet_A,22-Nov-22,0,46.5,85.3
Medak,Shankarampet_A,26-Nov-22,0,35.9,99.9
Medak,Shankarampet_A,29-Nov-22,0,29.1,90.7
Medak,Shankarampet_R,03-Nov-22,0,58.9,94.4
Medak,Shankarampet_R,04-Nov-22,0,45.0,87.2
Medak,Shankarampet_R,26-Nov-22,0,37.6,76.8
Medak,Shankarampet_R,30-Nov-22,0,26.6,86.3
Medak,Shivampet,02-Nov-22,0,69.3,100.0
Medak,Shivampet,06-Nov-22,0,46.2,100.0
Medak,Shivampet,20-Nov-22,0,39.6,100.0
Medak,Tekmal,01-Nov-22,0,28.5,100.0
Medak,Tekmal,07-Nov-22,0,28.1,100.0
Medak,Tekmal,08-Nov-22,0,26.8,100.0
Medak,Tekmal,11-Nov-22,0,31.1,100.0
Medak,Tekmal,13-Nov-22,0,24.5,100.0
Medak,Tekmal,17-Nov-22,0,20.1,100.0
Medak,Tupran,07-Nov-22,0,37.0,100.0
Medak,Tupran,17-Nov-22,0,29.7,93.9
Medak,Yeldurthy,01-Nov-22,0,48.0,100.0
Medak,Yeldurthy,08-Nov-22,0,37.3,100.0
Medak,Yeldurthy,11-Nov-22,0,48.5,100.0
Medak,Yeldurthy,13-Nov-22,0,47.8,100.0
Medak,Yeldurthy,17-Nov-22,0,26.2,100.0
Medchal-Malkajgiri,Alwal,12-Nov-22,0,34.9,72.4
Medchal-Malkajgiri,Bachpalle,01-Nov-22,0,35.6,72.8
Medchal-Malkajgiri,Bachpalle,07-Nov-22,0,41.6,82.7
Medchal-Malkajgiri,Bachpalle,17-Nov-22,0,25.0,70.2
Medchal-Malkajgiri,Balanagar,16-Nov-22,0,36.3,81.4
Medchal-Malkajgiri,Dundigal_Gandimaisamma,19-Nov-22,0,30.9,83.3
Medchal-Malkajgiri,Dundigal_Gandimaisamma,27-Nov-22,0,26.7,79.6
Medchal-Malkajgiri,Ghatkesar,01-Nov-22,0,34.9,88.3
Medchal-Malkajgiri,Ghatkesar,07-Nov-22,0,34.7,100.0
Medchal-Malkajgiri,Kapra,04-Nov-22,0,40.5,91.2
Medchal-Malkajgiri,Kapra,30-Nov-22,0,15.9,81.9
Medchal-Malkajgiri,Keesara,10-Nov-22,0,41.3,80.9
Medchal-Malkajgiri,Keesara,18-Nov-22,0,22.5,85.9
Medchal-Malkajgiri,Kukatpally,05-Nov-22,0,51.4,100.0
Medchal-Malkajgiri,Kukatpally,23-Nov-22,0,45.4,77.1
Medchal-Malkajgiri,Kukatpally,25-Nov-22,0,51.7,78.6
Medchal-Malkajgiri,Malkajgiri,09-Nov-22,0,24.5,78.7
Medchal-Malkajgiri,Malkajgiri,14-Nov-22,0,38.5,74.8
Medchal-Malkajgiri,Medchel,22-Nov-22,0,38.0,84.5
Medchal-Malkajgiri,Medchel,26-Nov-22,0,42.7,79.9
Medchal-Malkajgiri,Medchel,29-Nov-22,0,33.9,81.6
Medchal-Malkajgiri,Medipally,09-Nov-22,0,36.1,93.4
Medchal-Malkajgiri,Medipally,14-Nov-22,0,52.5,95.8
Medchal-Malkajgiri,Medipally,24-Nov-22,0,59.3,99.0
Medchal-Malkajgiri,Muduchinthalapally,02-Nov-22,0,59.4,100.0
Medchal-Malkajgiri,Muduchinthalapally,06-Nov-22,0,40.7,100.0
Medchal-Malkajgiri,Quthbullapur,08-Nov-22,0,24.5,100.0
Medchal-Malkajgiri,Quthbullapur,11-Nov-22,0,31.9,78.7
Medchal-Malkajgiri,Quthbullapur,13-Nov-22,0,30.7,70.8
Medchal-Malkajgiri,Quthbullapur,17-Nov-22,0,14.0,81.5
Medchal-Malkajgiri,Shamirpet,05-Nov-22,0,51.4,95.7
Medchal-Malkajgiri,Shamirpet,21-Nov-22,0,37.2,74.4
Medchal-Malkajgiri,Shamirpet,23-Nov-22,0,47.3,83.4
Medchal-Malkajgiri,Uppal,03-Nov-22,0,55.3,100.0
Medchal-Malkajgiri,Uppal,04-Nov-22,0,43.5,100.0
Medchal-Malkajgiri,Uppal,26-Nov-22,0,43.8,87.7
Medchal-Malkajgiri,Uppal,30-Nov-22,0,14.3,87.7
Mulugu,Eturunagaram,01-Nov-22,0,42.7,90.3
Mulugu,Eturunagaram,08-Nov-22,0,42.1,98.3
Mulugu,Eturunagaram,11-Nov-22,0,36.9,93.3
Mulugu,Eturunagaram,13-Nov-22,0,39.2,92.8
Mulugu,Eturunagaram,17-Nov-22,0,34.0,95.3
Mulugu,Govindaraopet,19-Nov-22,0,43.8,99.1
Mulugu,Govindaraopet,27-Nov-22,0,36.7,99.1
Mulugu,Kannaigudem,16-Nov-22,0,46.8,100.0
Mulugu,Mangapet,22-Nov-22,0,50.1,100.0
Mulugu,Mangapet,26-Nov-22,0,41.3,100.0
Mulugu,Mulug,01-Nov-22,0,52.4,98.8
Mulugu,Mulug,08-Nov-22,0,49.7,100.0
Mulugu,Mulug,11-Nov-22,0,47.4,100.0
Mulugu,Mulug,17-Nov-22,0,38.8,99.4
Mulugu,Tadvai,16-Nov-22,0,30.7,100.0
Mulugu,Tadvai,28-Nov-22,0,22.8,100.0
Mulugu,Venkatapur,03-Nov-22,0,54.1,100.0
Mulugu,Venkatapur,04-Nov-22,0,52.3,100.0
Mulugu,Venkatapur,29-Nov-22,0,28.2,100.0
Mulugu,Venkatapur,30-Nov-22,0,31.0,100.0
Mulugu,Venkatapuram,19-Nov-22,0,35.6,98.4
Mulugu,Venkatapuram,27-Nov-22,0,31.3,98.4
Mulugu,Wazeed,10-Nov-22,0,34.1,100.0
Mulugu,Wazeed,18-Nov-22,0,36.6,100.0
Nagarkurnool,Achampet,16-Nov-22,0,48.8,98.4
Nagarkurnool,Amrabad,12-Nov-22,0,51.4,92.4
Nagarkurnool,Amrabad,15-Nov-22,0,57.7,99.9
Nagarkurnool,Balmoor,22-Nov-22,0,56.2,96.7
Nagarkurnool,Balmoor,29-Nov-22,0,44.8,99.4
Nagarkurnool,Charakonda,10-Nov-22,0,41.8,92.4
Nagarkurnool,Charakonda,19-Nov-22,0,35.8,81.2
Nagarkurnool,Charakonda,27-Nov-22,0,33.8,81.7
Nagarkurnool,Kalwakurthy,20-Nov-22,0,31.2,100.0
Nagarkurnool,Kodair,09-Nov-22,0,29.5,100.0
Nagarkurnool,Kodair,14-Nov-22,0,51.8,100.0
Nagarkurnool,Kodair,24-Nov-22,0,67.2,100.0
Nagarkurnool,Lingal,12-Nov-22,0,55.7,88.6
Nagarkurnool,Lingal,15-Nov-22,0,63.5,99.3
Nagarkurnool,Peddakothapalle,03-Nov-22,0,56.0,99.0
Nagarkurnool,Peddakothapalle,04-Nov-22,0,49.4,100.0
Nagarkurnool,Peddakothapalle,22-Nov-22,0,53.7,96.1
Nagarkurnool,Pentlavelli,28-Nov-22,0,30.2,86.5
Nagarkurnool,Tadoor,09-Nov-22,0,38.0,81.1
Nagarkurnool,Tadoor,14-Nov-22,0,54.4,80.8
Nagarkurnool,Tadoor,24-Nov-22,0,63.6,80.7
Nagarkurnool,Telkapalle,01-Nov-22,0,37.5,97.7
Nagarkurnool,Telkapalle,08-Nov-22,0,42.5,96.0
Nagarkurnool,Telkapalle,11-Nov-22,0,51.0,97.3
Nagarkurnool,Telkapalle,13-Nov-22,0,52.1,92.4
Nagarkurnool,Telkapalle,17-Nov-22,0,26.3,99.3
Nagarkurnool,Thimmajipeta,02-Nov-22,0,67.0,99.9
Nagarkurnool,Thimmajipeta,06-Nov-22,0,65.3,99.9
Nagarkurnool,Uppunuthala,20-Nov-22,0,45.3,100.0
Nagarkurnool,Urkonda,28-Nov-22,0,49.8,86.0
Nagarkurnool,Vangoor,07-Nov-22,0,53.5,96.1
Nagarkurnool,Vangoor,11-Nov-22,0,55.5,89.9
Nagarkurnool,Vangoor,13-Nov-22,0,54.1,85.8
Nagarkurnool,Veldanda,05-Nov-22,0,64.6,100.0
Nagarkurnool,Veldanda,21-Nov-22,0,32.7,70.7
Nagarkurnool,Veldanda,23-Nov-22,0,49.0,98.7
Nalgonda,Adavi Devula Palli,10-Nov-22,0,52.3,93.9
Nalgonda,Adavi Devula Palli,18-Nov-22,0,37.2,86.4
Nalgonda,Chandampet,28-Nov-22,0,35.8,95.9
Nalgonda,Chityala,20-Nov-22,0,39.5,78.9
Nalgonda,Damaracherla,16-Nov-22,0,41.3,88.1
Nalgonda,Damaracherla,28-Nov-22,0,34.7,89.8
Nalgonda,Devarakonda,01-Nov-22,0,32.1,84.8
Nalgonda,Devarakonda,08-Nov-22,0,35.1,100.0
Nalgonda,Devarakonda,11-Nov-22,0,41.4,85.9
Nalgonda,Devarakonda,13-Nov-22,0,42.5,79.3
Nalgonda,Devarakonda,17-Nov-22,0,18.1,95.7
Nalgonda,Gundlapalle,07-Nov-22,0,52.5,100.0
Nalgonda,Gundlapalle,08-Nov-22,0,45.2,100.0
Nalgonda,Gundlapalle,13-Nov-22,0,54.3,100.0
Nalgonda,Gurrampode,03-Nov-22,0,63.4,100.0
Nalgonda,Gurrampode,04-Nov-22,0,57.7,91.0
Nalgonda,Gurrampode,22-Nov-22,0,51.9,100.0
Nalgonda,Kangal,02-Nov-22,0,69.7,91.3
Nalgonda,Kangal,06-Nov-22,0,56.9,91.8
Nalgonda,Kattangoor,09-Nov-22,0,33.9,93.3
Nalgonda,Kattangoor,14-Nov-22,0,41.1,92.4
Nalgonda,Kattangoor,24-Nov-22,0,53.0,99.2
Nalgonda,Kethepalle,05-Nov-22,0,54.8,88.2
Nalgonda,Kethepalle,23-Nov-22,0,52.1,87.8
Nalgonda,Kethepalle,25-Nov-22,0,58.5,86.1
Nalgonda,Kondamallapally,18-Nov-22,0,29.0,84.6
Nalgonda,Madugulapally,24-Nov-22,0,69.8,93.3
Nalgonda,Marriguda,28-Nov-22,0,33.9,92.0
Nalgonda,Miryalaguda,03-Nov-22,0,63.9,84.3
Nalgonda,Miryalaguda,04-Nov-22,0,62.4,97.7
Nalgonda,Miryalaguda,22-Nov-22,0,54.2,98.5
Nalgonda,Miryalaguda,30-Nov-22,0,36.6,89.8
Nalgonda,Munugode,01-Nov-22,0,45.3,100.0
Nalgonda,Munugode,07-Nov-22,0,43.2,100.0
Nalgonda,Nakrekal,16-Nov-22,0,41.6,89.3
Nalgonda,Nalgonda,01-Nov-22,0,37.0,99.8
Nalgonda,Nalgonda,07-Nov-22,0,35.2,100.0
Nalgonda,Nalgonda,08-Nov-22,0,36.4,100.0
Nalgonda,Nalgonda,11-Nov-22,0,39.8,93.7
Nalgonda,Nalgonda,13-Nov-22,0,41.5,93.8
Nalgonda,Nalgonda,17-Nov-22,0,29.3,99.0
Nalgonda,Nampalle,09-Nov-22,0,27.8,100.0
Nalgonda,Nampalle,14-Nov-22,0,41.2,100.0
Nalgonda,Nampalle,24-Nov-22,0,57.3,100.0
Nalgonda,Narketpalle,12-Nov-22,0,31.8,88.5
Nalgonda,Narketpalle,15-Nov-22,0,42.4,93.0
Nalgonda,Neredugommu,02-Nov-22,0,72.7,97.5
Nalgonda,Neredugommu,06-Nov-22,0,57.4,99.1
Nalgonda,Neredugommu,20-Nov-22,0,40.1,85.8
Nalgonda,Nidamanur,22-Nov-22,0,53.6,100.0
Nalgonda,Nidamanur,29-Nov-22,0,28.2,100.0
Nalgonda,Pedda_Adiserlapalle,03-Nov-22,0,60.5,92.6
Nalgonda,Pedda_Adiserlapalle,04-Nov-22,0,58.8,100.0
Nalgonda,Pedda_Adiserlapalle,26-Nov-22,0,65.0,98.6
Nalgonda,Pedda_Adiserlapalle,30-Nov-22,0,27.0,94.3
Nalgonda,Peddavura,05-Nov-22,0,62.4,99.1
Nalgonda,Peddavura,23-Nov-22,0,55.8,100.0
Nalgonda,Peddavura,25-Nov-22,0,60.5,100.0
Nalgonda,Saligouraram,24-Nov-22,0,58.0,89.5
Nalgonda,Thipparthi,10-Nov-22,0,48.7,100.0
Nalgonda,Thipparthi,27-Nov-22,0,36.0,100.0
Nalgonda,Tirumalagiri_Sagar,07-Nov-22,0,42.5,94.3
Nalgonda,Vemulapalle,16-Nov-22,0,49.3,93.8
Narayanpet,Damaragidda,05-Nov-22,0,59.9,100.0
Narayanpet,Damaragidda,21-Nov-22,0,36.5,80.1
Narayanpet,Damaragidda,23-Nov-22,0,44.5,91.3
Narayanpet,Dhanwada,12-Nov-22,0,38.5,79.6
Narayanpet,Dhanwada,15-Nov-22,0,51.3,93.0
Narayanpet,Kosgi,07-Nov-22,0,29.4,100.0
Narayanpet,Kosgi,17-Nov-22,0,11.1,94.7
Narayanpet,Krishna,03-Nov-22,0,57.2,100.0
Narayanpet,Krishna,04-Nov-22,0,47.1,100.0
Narayanpet,Krishna,22-Nov-22,0,46.2,91.7
Narayanpet,Krishna,30-Nov-22,0,32.1,75.5
Narayanpet,Maddur,22-Nov-22,0,47.6,96.2
Narayanpet,Maddur,26-Nov-22,0,48.4,95.8
Narayanpet,Maddur,29-Nov-22,0,38.4,94.9
Narayanpet,Maganoor,18-Nov-22,0,28.2,99.0
Narayanpet,Maganoor,19-Nov-22,0,32.0,95.7
Narayanpet,Maganoor,27-Nov-22,0,39.6,95.7
Narayanpet,Makthal,02-Nov-22,0,55.9,100.0
Narayanpet,Makthal,06-Nov-22,0,53.8,100.0
Narayanpet,Marikal,05-Nov-22,0,57.5,87.7
Narayanpet,Marikal,25-Nov-22,0,64.3,87.7
Narayanpet,Narayanpet,01-Nov-22,0,30.9,84.9
Narayanpet,Narayanpet,08-Nov-22,0,30.5,100.0
Narayanpet,Narayanpet,11-Nov-22,0,39.1,91.0
Narayanpet,Narayanpet,13-Nov-22,0,41.7,78.1
Narayanpet,Narayanpet,17-Nov-22,0,17.3,76.5
Narayanpet,Narva,09-Nov-22,0,31.8,90.5
Narayanpet,Narva,14-Nov-22,0,51.8,89.7
Narayanpet,Utkoor,10-Nov-22,0,36.1,90.5
Narayanpet,Utkoor,18-Nov-22,0,29.2,81.9
Nirmal,Basar,28-Nov-22,0,40.9,91.9
Nirmal,Dastuarabad,28-Nov-22,0,34.2,94.8
Nirmal,Dilawarpur,12-Nov-22,0,46.8,88.6
Nirmal,Dilawarpur,15-Nov-22,0,46.8,94.3
Nirmal,Kaddampeddur,16-Nov-22,0,40.0,94.1
Nirmal,Kaddampeddur,28-Nov-22,0,26.7,92.2
Nirmal,Khanpur,10-Nov-22,0,40.6,98.8
Nirmal,Khanpur,18-Nov-22,0,36.7,95.5
Nirmal,Kubeer,12-Nov-22,0,47.6,91.0
Nirmal,Kuntala,01-Nov-22,0,44.3,92.0
Nirmal,Kuntala,08-Nov-22,0,38.1,90.6
Nirmal,Kuntala,11-Nov-22,0,38.8,89.0
Nirmal,Kuntala,13-Nov-22,0,37.7,87.3
Nirmal,Kuntala,17-Nov-22,0,33.8,87.4
Nirmal,Laxmanchanda,28-Nov-22,0,28.0,96.8
Nirmal,Lokeswaram,05-Nov-22,0,41.4,94.8
Nirmal,Lokeswaram,21-Nov-22,0,32.8,86.1
Nirmal,Lokeswaram,23-Nov-22,0,32.5,74.4
Nirmal,Lokeswaram,25-Nov-22,0,36.3,82.9
Nirmal,Mamda,10-Nov-22,0,37.5,99.9
Nirmal,Mamda,19-Nov-22,0,36.4,89.2
Nirmal,Mamda,27-Nov-22,0,26.9,92.3
Nirmal,Mudhole,16-Nov-22,0,24.8,95.9
Nirmal,Narsapur_G,22-Nov-22,0,33.9,75.7
Nirmal,Narsapur_G,26-Nov-22,0,33.6,80.6
Nirmal,Narsapur_G,29-Nov-22,0,36.4,91.4
Nirmal,Nirmal,12-Nov-22,0,46.8,99.9
Nirmal,Nirmal,15-Nov-22,0,48.1,97.1
Nirmal,Nirmal_Rural,09-Nov-22,0,35.0,97.5
Nirmal,Nirmal_Rural,14-Nov-22,0,34.6,92.9
Nirmal,Sarangapur,05-Nov-22,0,31.1,99.9
Nirmal,Sarangapur,21-Nov-22,0,37.9,99.9
Nirmal,Sarangapur,23-Nov-22,0,39.4,88.9
Nirmal,Soan,20-Nov-22,0,39.1,95.4
Nirmal,Tanur,02-Nov-22,0,46.8,99.9
Nirmal,Tanur,06-Nov-22,0,31.1,95.6
Nizamabad,Armur,05-Nov-22,0,25.8,99.9
Nizamabad,Armur,23-Nov-22,0,30.7,99.9
Nizamabad,Armur,25-Nov-22,0,33.1,99.9
Nizamabad,Balkonda,21-Nov-22,0,38.1,83.2
Nizamabad,Balkonda,25-Nov-22,0,41.6,74.5
Nizamabad,Bodhan,03-Nov-22,0,50.5,99.9
Nizamabad,Bodhan,04-Nov-22,0,38.0,99.9
Nizamabad,Bodhan,26-Nov-22,0,33.5,96.1
Nizamabad,Bodhan,30-Nov-22,0,30.5,95.5
Nizamabad,Chandur,28-Nov-22,0,43.6,95.7
Nizamabad,Dharpalle,09-Nov-22,0,37.5,98.2
Nizamabad,Dharpalle,14-Nov-22,0,49.2,94.8
Nizamabad,Dichpalle,02-Nov-22,0,43.9,99.9
Nizamabad,Dichpalle,06-Nov-22,0,26.7,94.8
Nizamabad,Dichpalle,20-Nov-22,0,31.5,94.1
Nizamabad,Indalwai,16-Nov-22,0,42.2,99.9
Nizamabad,Jakranpalle,10-Nov-22,0,38.6,94.8
Nizamabad,Jakranpalle,18-Nov-22,0,27.6,90.6
Nizamabad,Jakranpalle,27-Nov-22,0,35.0,88.1
Nizamabad,Kammarpalle,28-Nov-22,0,32.8,88.3
Nizamabad,Kotgiri,12-Nov-22,0,31.6,99.9
Nizamabad,Kotgiri,15-Nov-22,0,45.2,99.9
Nizamabad,Makloor,01-Nov-22,0,39.7,99.9
Nizamabad,Makloor,07-Nov-22,0,37.8,99.9
Nizamabad,Makloor,08-Nov-22,0,38.8,99.9
Nizamabad,Makloor,11-Nov-22,0,39.8,99.9
Nizamabad,Makloor,13-Nov-22,0,39.0,98.8
Nizamabad,Makloor,17-Nov-22,0,39.1,96.7
Nizamabad,Mendora,14-Nov-22,0,38.2,100.0
Nizamabad,Mendora,24-Nov-22,0,39.9,100.0
Nizamabad,Mortad,10-Nov-22,0,42.8,99.9
Nizamabad,Mortad,18-Nov-22,0,33.5,94.8
Nizamabad,Mosra,02-Nov-22,0,37.4,96.5
Nizamabad,Mosra,06-Nov-22,0,26.8,91.1
Nizamabad,Mugpal,01-Nov-22,0,41.3,100.0
Nizamabad,Mugpal,08-Nov-22,0,35.8,100.0
Nizamabad,Mugpal,11-Nov-22,0,35.3,100.0
Nizamabad,Mugpal,13-Nov-22,0,35.8,100.0
Nizamabad,Mugpal,17-Nov-22,0,28.8,100.0
Nizamabad,Mupkal,07-Nov-22,0,34.8,96.4
Nizamabad,Mupkal,11-Nov-22,0,36.8,96.0
Nizamabad,Nandipet,03-Nov-22,0,50.2,99.9
Nizamabad,Nandipet,22-Nov-22,0,40.9,95.5
Nizamabad,Nandipet,26-Nov-22,0,38.1,99.9
Nizamabad,Nandipet,29-Nov-22,0,42.8,99.9
Nizamabad,Navipet,19-Nov-22,0,39.8,97.4
Nizamabad,Navipet,27-Nov-22,0,40.2,94.3
Nizamabad,Nizamabad_North,03-Nov-22,0,54.7,99.9
Nizamabad,Nizamabad_North,29-Nov-22,0,35.6,96.7
Nizamabad,Nizamabad_North,30-Nov-22,0,24.3,99.9
Nizamabad,Nizamabad_Rural,11-Nov-22,0,39.3,99.9
Nizamabad,Rudrur,05-Nov-22,0,35.8,97.0
Nizamabad,Rudrur,21-Nov-22,0,32.0,92.6
Nizamabad,Rudrur,23-Nov-22,0,41.2,94.9
Nizamabad,Sirkonda,18-Nov-22,0,40.2,94.1
Nizamabad,Sirkonda,19-Nov-22,0,46.5,94.3
Nizamabad,Sirkonda,27-Nov-22,0,46.5,94.1
Nizamabad,Vailpur,28-Nov-22,0,33.3,91.5
Nizamabad,Varni,05-Nov-22,0,39.5,96.8
Nizamabad,Varni,23-Nov-22,0,46.8,95.0
Nizamabad,Varni,25-Nov-22,0,50.4,95.1
Nizamabad,Yeda_Palle,05-Nov-22,0,29.0,99.9
Nizamabad,Yeda_Palle,23-Nov-22,0,32.1,99.9
Nizamabad,Yeda_Palle,25-Nov-22,0,37.1,99.9
Nizamabad,Yergatla,02-Nov-22,0,42.6,100.0
Nizamabad,Yergatla,06-Nov-22,0,26.7,94.4
Peddapalli,Dharmaram,02-Nov-22,0,60.3,100.0
Peddapalli,Dharmaram,06-Nov-22,0,33.9,100.0
Peddapalli,Elgaid,20-Nov-22,0,50.2,85.2
Peddapalli,Julapalle,07-Nov-22,0,46.8,99.9
Peddapalli,Kamanpur,21-Nov-22,0,42.2,95.2
Peddapalli,Mutharam_Manthani,12-Nov-22,0,50.4,100.0
Peddapalli,Mutharam_Manthani,15-Nov-22,0,51.1,99.9
Peddapalli,Odela,20-Nov-22,0,46.5,94.1
Peddapalli,Peddapalle,19-Nov-22,0,35.6,99.9
Peddapalli,Peddapalle,27-Nov-22,0,31.4,99.9
Peddapalli,Ramagiri,16-Nov-22,0,46.1,99.9
Peddapalli,Ramagiri,28-Nov-22,0,54.6,99.9
Peddapalli,Ramagundam,09-Nov-22,0,41.9,100.0
Peddapalli,Ramagundam,14-Nov-22,0,46.5,100.0
Peddapalli,Ramagundam,24-Nov-22,0,47.2,96.2
Peddapalli,Srirampur,16-Nov-22,0,41.5,99.9
Peddapalli,Sultanabad,01-Nov-22,0,48.8,95.8
Peddapalli,Sultanabad,08-Nov-22,0,39.5,95.8
Peddapalli,Sultanabad,11-Nov-22,0,43.0,95.5
Peddapalli,Sultanabad,13-Nov-22,0,40.9,95.5
Peddapalli,Sultanabad,17-Nov-22,0,32.0,94.2
Rajanna Sircilla,Boinpalle,16-Nov-22,0,31.6,97.3
Rajanna Sircilla,Chandurthi,02-Nov-22,0,64.4,99.9
Rajanna Sircilla,Chandurthi,06-Nov-22,0,31.4,99.9
Rajanna Sircilla,Ellanthakunta,20-Nov-22,0,38.0,94.4
Rajanna Sircilla,Gambhiraopeta,21-Nov-22,0,30.3,89.2
Rajanna Sircilla,Konaraopeta,22-Nov-22,0,34.9,84.4
Rajanna Sircilla,Konaraopeta,26-Nov-22,0,34.9,95.0
Rajanna Sircilla,Konaraopeta,29-Nov-22,0,30.7,99.9
Rajanna Sircilla,Konaraopeta,30-Nov-22,0,31.9,96.1
Rajanna Sircilla,Mustabad,12-Nov-22,0,34.3,99.9
Rajanna Sircilla,Mustabad,15-Nov-22,0,41.2,99.9
Rajanna Sircilla,Rudrangi,15-Nov-22,0,41.1,96.0
Rajanna Sircilla,Sirsilla,01-Nov-22,0,41.4,99.9
Rajanna Sircilla,Sirsilla,08-Nov-22,0,34.5,99.9
Rajanna Sircilla,Sirsilla,11-Nov-22,0,38.0,100.0
Rajanna Sircilla,Sirsilla,13-Nov-22,0,42.3,100.0
Rajanna Sircilla,Sirsilla,17-Nov-22,0,34.5,99.9
Rajanna Sircilla,Thangallapalle,09-Nov-22,0,39.4,95.2
Rajanna Sircilla,Thangallapalle,14-Nov-22,0,49.3,99.9
Rajanna Sircilla,Thangallapalle,24-Nov-22,0,52.4,95.6
Rajanna Sircilla,Veernapalle,05-Nov-22,0,27.2,81.0
Rajanna Sircilla,Veernapalle,23-Nov-22,0,49.6,81.6
Rajanna Sircilla,Veernapalle,25-Nov-22,0,49.1,80.2
Rajanna Sircilla,Vemulawada,24-Nov-22,0,39.4,100.0
Rajanna Sircilla,Vemulawada_Rural,28-Nov-22,0,39.1,94.1
Rajanna Sircilla,Yellareddypeta,12-Nov-22,0,34.8,99.9
Rangareddy,Abdullapurmet,07-Nov-22,0,35.8,100.0
Rangareddy,Amangal,12-Nov-22,0,48.0,75.1
Rangareddy,Amangal,15-Nov-22,0,61.1,93.5
Rangareddy,Balapur,28-Nov-22,0,38.7,75.9
Rangareddy,Chevella,04-Nov-22,0,45.7,100.0
Rangareddy,Chevella,22-Nov-22,0,42.4,80.7
Rangareddy,Chevella,26-Nov-22,0,48.6,85.7
Rangareddy,Chevella,29-Nov-22,0,32.2,98.0
Rangareddy,Chowdergudem,02-Nov-22,0,68.4,100.0
Rangareddy,Chowdergudem,06-Nov-22,0,60.6,100.0
Rangareddy,Farooqnagar,05-Nov-22,0,69.3,100.0
Rangareddy,Farooqnagar,21-Nov-22,0,38.4,83.2
Rangareddy,Farooqnagar,23-Nov-22,0,53.7,100.0
Rangareddy,Hayathnagar,19-Nov-22,0,31.7,82.2
Rangareddy,Hayathnagar,27-Nov-22,0,31.9,83.9
Rangareddy,Ibrahimpatnam,02-Nov-22,0,61.7,100.0
Rangareddy,Ibrahimpatnam,06-Nov-22,0,48.5,100.0
Rangareddy,Ibrahimpatnam,20-Nov-22,0,32.6,100.0
Rangareddy,Kadthal,15-Nov-22,0,54.1,88.6
Rangareddy,Kandukur,03-Nov-22,0,59.0,100.0
Rangareddy,Kandukur,04-Nov-22,0,48.1,100.0
Rangareddy,Kandukur,30-Nov-22,0,25.0,100.0
Rangareddy,Keshampeta,04-Nov-22,0,48.6,100.0
Rangareddy,Keshampeta,22-Nov-22,0,37.3,88.1
Rangareddy,Keshampeta,26-Nov-22,0,51.4,92.5
Rangareddy,Keshampeta,29-Nov-22,0,31.7,91.5
Rangareddy,Kondurg,22-Nov-22,0,53.0,83.8
Rangareddy,Kondurg,26-Nov-22,0,60.5,85.3
Rangareddy,Kondurg,29-Nov-22,0,43.2,70.4
Rangareddy,Kothur,19-Nov-22,0,40.0,100.0
Rangareddy,Kothur,27-Nov-22,0,41.3,88.7
Rangareddy,Madgul,16-Nov-22,0,38.6,89.0
Rangareddy,Madgul,28-Nov-22,0,35.4,81.2
Rangareddy,Maheshwaram,09-Nov-22,0,40.1,94.2
Rangareddy,Maheshwaram,14-Nov-22,0,40.0,97.2
Rangareddy,Manchal,01-Nov-22,0,39.2,98.5
Rangareddy,Manchal,07-Nov-22,0,38.1,100.0
Rangareddy,Manchal,08-Nov-22,0,39.2,100.0
Rangareddy,Manchal,13-Nov-22,0,48.5,85.0
Rangareddy,Manchal,17-Nov-22,0,24.1,95.2
Rangareddy,Moinabad,16-Nov-22,0,32.8,84.3
Rangareddy,Nandigam,01-Nov-22,0,32.5,90.3
Rangareddy,Nandigam,11-Nov-22,0,43.1,89.9
Rangareddy,Nandigam,13-Nov-22,0,46.3,87.4
Rangareddy,Nandigam,17-Nov-22,0,20.2,93.2
Rangareddy,Rajendranagar,09-Nov-22,0,23.4,100.0
Rangareddy,Rajendranagar,14-Nov-22,0,40.0,100.0
Rangareddy,Rajendranagar,24-Nov-22,0,43.7,100.0
Rangareddy,Saroornagar,21-Nov-22,0,30.6,58.8
Rangareddy,Shabad,16-Nov-22,0,30.6,100.0
Rangareddy,Shankarpalle,02-Nov-22,0,65.5,100.0
Rangareddy,Shankarpalle,06-Nov-22,0,49.4,100.0
Rangareddy,Shankarpalle,20-Nov-22,0,36.3,91.3
Rangareddy,Yacharam,20-Nov-22,0,42.2,98.2
Sangareddy,Ameenapur,07-Nov-22,0,34.4,100.0
Sangareddy,Ameenapur,11-Nov-22,0,36.9,93.3
Sangareddy,Ameenapur,13-Nov-22,0,31.6,84.9
Sangareddy,Andhole,10-Nov-22,0,36.3,100.0
Sangareddy,Andhole,18-Nov-22,0,34.7,100.0
Sangareddy,Chowtakur,12-Nov-22,0,34.4,86.3
Sangareddy,Chowtakur,15-Nov-22,0,41.3,89.3
Sangareddy,Gummadidala,10-Nov-22,0,35.5,100.0
Sangareddy,Gummadidala,18-Nov-22,0,28.4,100.0
Sangareddy,Hathanoora,09-Nov-22,0,19.2,100.0
Sangareddy,Hathanoora,14-Nov-22,0,36.5,100.0
Sangareddy,Hathanoora,24-Nov-22,0,43.0,100.0
Sangareddy,Jharasangam,24-Nov-22,0,55.6,87.8
Sangareddy,Jinnaram,09-Nov-22,0,24.0,91.3
Sangareddy,Jinnaram,14-Nov-22,0,36.9,78.1
Sangareddy,Kalher,16-Nov-22,0,33.7,85.9
Sangareddy,Kandi,03-Nov-22,0,65.6,97.1
Sangareddy,Kandi,04-Nov-22,0,47.9,94.8
Sangareddy,Kandi,26-Nov-22,0,49.1,97.5
Sangareddy,Kandi,30-Nov-22,0,28.8,89.9
Sangareddy,Kangti,15-Nov-22,0,46.2,97.3
Sangareddy,Kondapur,16-Nov-22,0,43.6,95.3
Sangareddy,Kondapur,28-Nov-22,0,44.3,86.7
Sangareddy,Manoor,07-Nov-22,0,39.1,92.2
Sangareddy,Manoor,17-Nov-22,0,31.6,83.7
Sangareddy,Mogdampalle,05-Nov-22,0,46.4,98.9
Sangareddy,Mogdampalle,25-Nov-22,0,51.1,97.4
Sangareddy,Munipalli,02-Nov-22,0,64.9,100.0
Sangareddy,Munipalli,06-Nov-22,0,53.0,100.0
Sangareddy,Nagalgidda,09-Nov-22,0,30.5,87.8
Sangareddy,Nagalgidda,14-Nov-22,0,43.6,92.6
Sangareddy,Nagalgidda,24-Nov-22,0,47.2,83.3
Sangareddy,Narayankhed,28-Nov-22,0,39.5,79.3
Sangareddy,Naykal,21-Nov-22,0,31.4,79.6
Sangareddy,Naykal,25-Nov-22,0,59.1,100.0
Sangareddy,Patancheruvu,05-Nov-22,0,54.7,100.0
Sangareddy,Patancheruvu,23-Nov-22,0,48.5,93.8
Sangareddy,Patancheruvu,25-Nov-22,0,53.7,98.6
Sangareddy,Pulkal,02-Nov-22,0,51.2,100.0
Sangareddy,Pulkal,06-Nov-22,0,37.6,100.0
Sangareddy,Pulkal,20-Nov-22,0,33.8,99.6
Sangareddy,Raikode,03-Nov-22,0,58.7,99.4
Sangareddy,Raikode,04-Nov-22,0,45.1,95.8
Sangareddy,Raikode,26-Nov-22,0,47.2,81.3
Sangareddy,Raikode,30-Nov-22,0,33.5,83.1
Sangareddy,Ramachandrapuram,10-Nov-22,0,37.7,82.1
Sangareddy,Ramachandrapuram,18-Nov-22,0,31.5,100.0
Sangareddy,Ramachandrapuram,27-Nov-22,0,33.7,78.0
Sangareddy,Sadasivpet,18-Nov-22,0,37.7,89.1
Sangareddy,Sadasivpet,19-Nov-22,0,43.1,90.9
Sangareddy,Sangareddy,16-Nov-22,0,42.3,90.8
Sangareddy,Sirgapoor,20-Nov-22,0,33.0,100.0
Sangareddy,Watpalle,16-Nov-22,0,34.0,75.8
Sangareddy,Zahirabad,12-Nov-22,0,26.5,100.0
Siddipet,Bejjanki,03-Nov-22,0,63.6,99.8
Siddipet,Bejjanki,04-Nov-22,0,50.9,94.8
Siddipet,Bejjanki,30-Nov-22,0,34.1,94.8
Siddipet,Cheriyal,09-Nov-22,0,16.7,98.8
Siddipet,Cheriyal,14-Nov-22,0,31.6,100.0
Siddipet,Chinnakodur,03-Nov-22,0,63.2,87.5
Siddipet,Chinnakodur,22-Nov-22,0,42.5,68.6
Siddipet,Chinnakodur,26-Nov-22,0,40.6,73.3
Siddipet,Chinnakodur,29-Nov-22,0,36.3,79.2
Siddipet,Dhoolmitta,06-Nov-22,0,32.5,94.9
Siddipet,Dhoolmitta,20-Nov-22,0,37.6,93.0
Siddipet,Doultabad,10-Nov-22,0,36.5,75.4
Siddipet,Doultabad,18-Nov-22,0,29.8,75.6
Siddipet,Doultabad,19-Nov-22,0,33.1,75.3
Siddipet,Dubbak,11-Nov-22,0,41.9,99.9
Siddipet,Gajwel,03-Nov-22,0,65.5,100.0
Siddipet,Gajwel,04-Nov-22,0,52.0,100.0
Siddipet,Gajwel,22-Nov-22,0,34.6,95.9
Siddipet,Gajwel,30-Nov-22,0,23.4,97.1
Siddipet,Husnabad,12-Nov-22,0,41.4,99.9
Siddipet,Husnabad,15-Nov-22,0,39.8,99.9
Siddipet,Jagadevpur,09-Nov-22,0,27.0,100.0
Siddipet,Jagadevpur,14-Nov-22,0,40.1,93.2
Siddipet,Jagadevpur,24-Nov-22,0,46.6,100.0
Siddipet,Koheda,19-Nov-22,0,39.7,99.9
Siddipet,Koheda,27-Nov-22,0,35.7,99.9
Siddipet,Komaravelly,19-Nov-22,0,38.4,86.2
Siddipet,Komaravelly,27-Nov-22,0,35.7,87.0
Siddipet,Kondapak,22-Nov-22,0,36.2,94.5
Siddipet,Kondapak,26-Nov-22,0,36.0,95.1
Siddipet,Kondapak,29-Nov-22,0,28.1,100.0
Siddipet,Kondapak,30-Nov-22,0,26.6,100.0
Siddipet,Maddur,10-Nov-22,0,39.1,96.9
Siddipet,Maddur,18-Nov-22,0,30.1,83.7
Siddipet,Markook,05-Nov-22,0,48.6,86.1
Siddipet,Markook,21-Nov-22,0,35.8,78.4
Siddipet,Markook,23-Nov-22,0,43.9,85.3
Siddipet,Mirdoddi,01-Nov-22,0,51.6,100.0
Siddipet,Mirdoddi,08-Nov-22,0,35.5,100.0
Siddipet,Mirdoddi,11-Nov-22,0,45.5,100.0
Siddipet,Mirdoddi,13-Nov-22,0,38.5,100.0
Siddipet,Mirdoddi,17-Nov-22,0,29.2,100.0
Siddipet,Mulug,09-Nov-22,0,25.9,93.2
Siddipet,Mulug,14-Nov-22,0,41.9,84.4
Siddipet,Nanganur,02-Nov-22,0,61.6,91.0
Siddipet,Nanganur,06-Nov-22,0,36.1,94.7
Siddipet,Narayanraopet,16-Nov-22,0,29.7,96.3
Siddipet,Narayanraopet,28-Nov-22,0,32.2,92.6
Siddipet,Siddipet_Rural,05-Nov-22,0,41.8,99.2
Siddipet,Siddipet_Rural,23-Nov-22,0,49.4,99.8
Siddipet,Siddipet_Rural,25-Nov-22,0,52.1,90.5
Siddipet,Siddipet_Urban,01-Nov-22,0,36.2,90.7
Siddipet,Siddipet_Urban,07-Nov-22,0,24.7,93.8
Siddipet,Siddipet_Urban,08-Nov-22,0,25.9,88.3
Siddipet,Siddipet_Urban,11-Nov-22,0,33.4,89.7
Siddipet,Siddipet_Urban,13-Nov-22,0,29.9,84.9
Siddipet,Siddipet_Urban,17-Nov-22,0,22.3,90.0
Siddipet,Wargal,03-Nov-22,0,65.5,100.0
Siddipet,Wargal,22-Nov-22,0,24.2,61.6
Siddipet,Wargal,26-Nov-22,0,26.5,78.5
Siddipet,Wargal,29-Nov-22,0,17.9,72.4
Suryapet,Ananthagiri,09-Nov-22,0,49.7,99.3
Suryapet,Ananthagiri,14-Nov-22,0,65.4,98.5
Suryapet,Ananthagiri,24-Nov-22,0,71.3,100.0
Suryapet,Atmakur_S,01-Nov-22,0,41.3,92.3
Suryapet,Atmakur_S,07-Nov-22,0,41.9,100.0
Suryapet,Atmakur_S,08-Nov-22,0,43.5,100.0
Suryapet,Atmakur_S,11-Nov-22,0,45.7,90.9
Suryapet,Atmakur_S,13-Nov-22,0,45.2,93.5
Suryapet,Atmakur_S,17-Nov-22,0,31.3,84.1
Suryapet,Chinthala Palem,10-Nov-22,0,41.0,99.5
Suryapet,Chinthala Palem,18-Nov-22,0,37.8,99.7
Suryapet,Chivvemla,07-Nov-22,0,42.5,99.0
Suryapet,Chivvemla,17-Nov-22,0,31.3,84.7
Suryapet,Garidepalle,22-Nov-22,0,65.9,100.0
Suryapet,Garidepalle,26-Nov-22,0,48.7,96.2
Suryapet,Garidepalle,29-Nov-22,0,35.0,94.8
Suryapet,Huzur Nagar,03-Nov-22,0,77.5,97.1
Suryapet,Huzur Nagar,04-Nov-22,0,71.5,99.7
Suryapet,Huzur Nagar,26-Nov-22,0,50.6,98.1
Suryapet,Huzur Nagar,30-Nov-22,0,39.2,94.8
Suryapet,Jajireddigudem,05-Nov-22,0,65.4,100.0
Suryapet,Jajireddigudem,20-Nov-22,0,39.4,100.0
Suryapet,Jajireddigudem,23-Nov-22,0,57.8,100.0
Suryapet,Jajireddigudem,25-Nov-22,0,66.2,100.0
Suryapet,Kodad,03-Nov-22,0,75.5,96.4
Suryapet,Kodad,04-Nov-22,0,70.6,99.8
Suryapet,Kodad,30-Nov-22,0,51.6,97.3
Suryapet,Mattampalle,16-Nov-22,0,49.6,97.8
Suryapet,Mellachervu,16-Nov-22,0,38.0,93.8
Suryapet,Mellachervu,28-Nov-22,0,24.7,100.0
Suryapet,Mothey,02-Nov-22,0,64.6,95.0
Suryapet,Mothey,06-Nov-22,0,53.4,96.0
Suryapet,Munagala,28-Nov-22,0,28.4,78.6
Suryapet,Nadigudem,12-Nov-22,0,37.7,98.3
Suryapet,Nagaram,20-Nov-22,0,34.8,88.4
Suryapet,Neredcherla,09-Nov-22,0,34.8,92.7
Suryapet,Neredcherla,14-Nov-22,0,49.7,96.6
Suryapet,Noothankal,16-Nov-22,0,39.6,93.8
Suryapet,Palakeedu,09-Nov-22,0,43.4,93.4
Suryapet,Palakeedu,14-Nov-22,0,53.2,94.6
Suryapet,Palakeedu,24-Nov-22,0,59.7,97.0
Suryapet,Penpahad,02-Nov-22,0,66.8,97.5
Suryapet,Penpahad,06-Nov-22,0,51.8,100.0
Suryapet,Suryapet,10-Nov-22,0,44.3,100.0
Suryapet,Suryapet,18-Nov-22,0,30.8,100.0
Suryapet,Thirumalagiri,12-Nov-22,0,44.1,85.9
Suryapet,Thungathurthi,09-Nov-22,0,44.2,89.1
Suryapet,Thungathurthi,14-Nov-22,0,54.4,91.2
Suryapet,Thungathurthi,24-Nov-22,0,58.0,95.5
Vikarabad,Bantwaram,03-Nov-22,0,60.5,96.7
Vikarabad,Bantwaram,04-Nov-22,0,30.8,90.1
Vikarabad,Bantwaram,22-Nov-22,0,27.4,72.9
Vikarabad,Bantwaram,26-Nov-22,0,53.0,76.6
Vikarabad,Bantwaram,29-Nov-22,0,23.2,79.4
Vikarabad,Basheerabad,16-Nov-22,0,36.2,89.4
Vikarabad,Basheerabad,28-Nov-22,0,29.1,88.6
Vikarabad,Bomraspeta,05-Nov-22,0,51.3,100.0
Vikarabad,Bomraspeta,21-Nov-22,0,38.5,84.6
Vikarabad,Bomraspeta,23-Nov-22,0,42.8,100.0
Vikarabad,Bomraspeta,25-Nov-22,0,42.1,100.0
Vikarabad,Chowdapur,10-Nov-22,0,35.7,97.9
Vikarabad,Chowdapur,27-Nov-22,0,38.1,80.1
Vikarabad,Doma,12-Nov-22,0,39.3,93.9
Vikarabad,Doma,15-Nov-22,0,45.5,95.4
Vikarabad,Doulatabad,10-Nov-22,0,35.4,96.5
Vikarabad,Doulatabad,19-Nov-22,0,40.6,95.3
Vikarabad,Doulatabad,27-Nov-22,0,44.9,92.8
Vikarabad,Kodangal,28-Nov-22,0,42.0,96.9
Vikarabad,Kotepally,05-Nov-22,0,56.8,96.9
Vikarabad,Kotepally,23-Nov-22,0,46.7,80.4
Vikarabad,Kotepally,25-Nov-22,0,59.1,98.5
Vikarabad,Kulkacharla,24-Nov-22,0,50.0,100.0
Vikarabad,Mominpet,01-Nov-22,0,36.7,75.0
Vikarabad,Mominpet,08-Nov-22,0,40.2,89.4
Vikarabad,Mominpet,11-Nov-22,0,49.4,86.3
Vikarabad,Mominpet,13-Nov-22,0,46.5,86.2
Vikarabad,Mominpet,17-Nov-22,0,31.9,85.4
Vikarabad,Nawabpet,10-Nov-22,0,39.0,89.4
Vikarabad,Nawabpet,18-Nov-22,0,34.8,79.6
Vikarabad,Nawabpet,19-Nov-22,0,39.9,82.1
Vikarabad,Peddemul,11-Nov-22,0,48.5,94.9
Vikarabad,Pudur,03-Nov-22,0,56.0,100.0
Vikarabad,Pudur,04-Nov-22,0,37.7,99.3
Vikarabad,Pudur,30-Nov-22,0,27.3,97.0
Vikarabad,Tandur,10-Nov-22,0,25.4,100.0
Vikarabad,Tandur,18-Nov-22,0,30.8,100.0
Vikarabad,Tandur,19-Nov-22,0,34.1,100.0
Vikarabad,Vikarabad,19-Nov-22,0,33.4,96.3
Vikarabad,Vikarabad,27-Nov-22,0,35.0,83.1
Vikarabad,Yelal,07-Nov-22,0,30.5,100.0
Vikarabad,Yelal,17-Nov-22,0,16.5,100.0
Vikarabad,Yelal,29-Nov-22,0,34.3,100.0
Wanaparthy,Amarchinta,10-Nov-22,0,32.1,91.4
Wanaparthy,Amarchinta,18-Nov-22,0,22.1,84.3
Wanaparthy,Atmakur,28-Nov-22,0,44.1,93.5
Wanaparthy,Chinnambavi,05-Nov-22,0,41.2,97.8
Wanaparthy,Chinnambavi,21-Nov-22,0,30.4,66.3
Wanaparthy,Ghanpur,05-Nov-22,0,53.3,94.8
Wanaparthy,Ghanpur,23-Nov-22,0,48.2,87.1
Wanaparthy,Ghanpur,25-Nov-22,0,52.3,93.4
Wanaparthy,Gopalpeta,01-Nov-22,0,29.6,85.0
Wanaparthy,Gopalpeta,08-Nov-22,0,35.2,100.0
Wanaparthy,Gopalpeta,11-Nov-22,0,45.9,91.3
Wanaparthy,Gopalpeta,13-Nov-22,0,45.4,83.1
Wanaparthy,Gopalpeta,17-Nov-22,0,17.9,70.4
Wanaparthy,Kothakota,10-Nov-22,0,43.8,97.8
Wanaparthy,Kothakota,18-Nov-22,0,31.9,90.2
Wanaparthy,Kothakota,19-Nov-22,0,41.1,90.0
Wanaparthy,Kothakota,27-Nov-22,0,42.0,88.2
Wanaparthy,Madanapur,03-Nov-22,0,58.0,93.6
Wanaparthy,Madanapur,04-Nov-22,0,56.5,100.0
Wanaparthy,Madanapur,22-Nov-22,0,57.9,93.8
Wanaparthy,Madanapur,30-Nov-22,0,35.6,88.7
Wanaparthy,Pangal,20-Nov-22,0,29.6,87.5
Wanaparthy,Pebbair,27-Nov-22,0,40.4,84.1
Wanaparthy,Peddamandadi,21-Nov-22,0,50.0,82.0
Wanaparthy,Revelly,24-Nov-22,0,71.5,100.0
Wanaparthy,Srirangapur,07-Nov-22,0,40.0,89.2
Wanaparthy,Srirangapur,17-Nov-22,0,25.9,95.8
Wanaparthy,Veepangandla,22-Nov-22,0,72.9,96.6
Wanaparthy,Veepangandla,26-Nov-22,0,69.6,100.0
Wanaparthy,Veepangandla,29-Nov-22,0,52.7,100.0
Wanaparthy,Wanaparthy,12-Nov-22,0,45.7,76.7
Wanaparthy,Wanaparthy,16-Nov-22,0,46.3,76.7
Wanaparthy,Wanaparthy,28-Nov-22,0,37.0,76.3
Warangal,Chennaraopeta,28-Nov-22,0,30.6,100.0
Warangal,Geesugonda,05-Nov-22,0,53.9,99.8
Warangal,Geesugonda,23-Nov-22,0,46.9,89.7
Warangal,Geesugonda,25-Nov-22,0,53.4,90.6
Warangal,Khanapur,18-Nov-22,0,30.8,87.8
Warangal,Khanapur,19-Nov-22,0,33.3,86.7
Warangal,Khilla_Warangal,12-Nov-22,0,52.6,80.1
Warangal,Khilla_Warangal,15-Nov-22,0,53.5,80.0
Warangal,Nallabelly,20-Nov-22,0,47.3,98.5
Warangal,Narsampet,16-Nov-22,0,45.1,90.5
Warangal,Nekkonda,12-Nov-22,0,44.1,95.3
Warangal,Nekkonda,15-Nov-22,0,45.5,97.6
Warangal,Parvathagiri,05-Nov-22,0,55.4,100.0
Warangal,Parvathagiri,21-Nov-22,0,41.9,77.2
Warangal,Parvathagiri,23-Nov-22,0,50.4,93.7
Warangal,Raiparthy,26-Nov-22,0,30.4,92.3
Warangal,Raiparthy,29-Nov-22,0,21.1,98.0
Warangal,Raiparthy,30-Nov-22,0,27.3,90.3
Warangal,Sangem,19-Nov-22,0,42.1,99.5
Warangal,Sangem,27-Nov-22,0,34.2,100.0
Warangal,Warangal,05-Nov-22,0,44.1,100.0
Warangal,Warangal,21-Nov-22,0,29.9,65.3
Warangal,Warangal,23-Nov-22,0,41.8,85.4
Warangal,Warangal,25-Nov-22,0,44.9,87.5
Warangal,Wardhannapet,07-Nov-22,0,47.4,100.0
Yadadri Bhuvanagiri,Addagudur,03-Nov-22,0,69.1,95.5
Yadadri Bhuvanagiri,Addagudur,04-Nov-22,0,58.7,98.9
Yadadri Bhuvanagiri,Addagudur,29-Nov-22,0,36.9,87.8
Yadadri Bhuvanagiri,Addagudur,30-Nov-22,0,38.7,86.8
Yadadri Bhuvanagiri,Alair,05-Nov-22,0,54.6,100.0
Yadadri Bhuvanagiri,Alair,23-Nov-22,0,44.9,97.2
Yadadri Bhuvanagiri,Alair,25-Nov-22,0,63.0,100.0
Yadadri Bhuvanagiri,Atmakur_M,05-Nov-22,0,57.8,100.0
Yadadri Bhuvanagiri,Atmakur_M,23-Nov-22,0,46.7,100.0
Yadadri Bhuvanagiri,Atmakur_M,25-Nov-22,0,75.6,100.0
Yadadri Bhuvanagiri,Bhongiri,09-Nov-22,0,32.7,93.7
Yadadri Bhuvanagiri,Bhongiri,14-Nov-22,0,40.7,92.8
Yadadri Bhuvanagiri,Bibinagar,16-Nov-22,0,32.8,91.4
Yadadri Bhuvanagiri,Bommalaramaram,02-Nov-22,0,59.6,100.0
Yadadri Bhuvanagiri,Bommalaramaram,06-Nov-22,0,42.5,100.0
Yadadri Bhuvanagiri,Choutuppal,16-Nov-22,0,31.7,99.9
Yadadri Bhuvanagiri,Gundala,12-Nov-22,0,45.8,85.5
Yadadri Bhuvanagiri,Mootakondur,21-Nov-22,0,33.5,75.6
Yadadri Bhuvanagiri,Narayanapur,10-Nov-22,0,43.9,100.0
Yadadri Bhuvanagiri,Narayanapur,18-Nov-22,0,24.4,79.5
Yadadri Bhuvanagiri,Narayanapur,19-Nov-22,0,28.6,75.7
Yadadri Bhuvanagiri,Pochampalle,10-Nov-22,0,39.4,96.0
Yadadri Bhuvanagiri,Pochampalle,18-Nov-22,0,25.5,92.7
Yadadri Bhuvanagiri,Rajapet,22-Nov-22,0,40.0,90.3
Yadadri Bhuvanagiri,Rajapet,26-Nov-22,0,37.3,89.8
Yadadri Bhuvanagiri,Rajapet,29-Nov-22,0,31.6,99.3
Yadadri Bhuvanagiri,Rajapet,30-Nov-22,0,31.1,98.6
Yadadri Bhuvanagiri,Ramannapeta,01-Nov-22,0,43.9,99.9
Yadadri Bhuvanagiri,Ramannapeta,08-Nov-22,0,43.4,99.9
Yadadri Bhuvanagiri,Ramannapeta,11-Nov-22,0,48.0,99.9
Yadadri Bhuvanagiri,Ramannapeta,13-Nov-22,0,49.5,99.9
Yadadri Bhuvanagiri,Ramannapeta,17-Nov-22,0,29.6,99.9
Yadadri Bhuvanagiri,Turkapalle_M,10-Nov-22,0,50.3,86.3
Yadadri Bhuvanagiri,Turkapalle_M,19-Nov-22,0,39.5,79.4
Yadadri Bhuvanagiri,Turkapalle_M,27-Nov-22,0,39.5,83.1
Yadadri Bhuvanagiri,Valigonda,03-Nov-22,0,60.2,99.9
Yadadri Bhuvanagiri,Valigonda,04-Nov-22,0,48.2,99.9
Yadadri Bhuvanagiri,Valigonda,26-Nov-22,0,41.4,95.9
Yadadri Bhuvanagiri,Valigonda,30-Nov-22,0,31.2,99.9
Yadadri Bhuvanagiri,Yadagirigutta,01-Nov-22,0,33.8,91.1
Yadadri Bhuvanagiri,Yadagirigutta,07-Nov-22,0,31.8,97.0
